Date,Price,Open,High,Low,Vol.,Change %
12/20/2024,0.1495,0.1449,0.1529,0.1429,114.06M,3.25%
12/19/2024,0.1448,0.1421,0.15,0.1421,13.45M,1.97%
12/18/2024,0.142,0.1434,0.1435,0.1412,1.76M,0.28%
12/17/2024,0.1416,0.144,0.144,0.1412,3.03M,-0.49%
12/16/2024,0.1423,0.1483,0.1484,0.1423,14.33M,-2.06%
12/13/2024,0.1453,0.1506,0.1515,0.1445,8.39M,-1.49%
12/12/2024,0.1475,0.1513,0.1558,0.1475,3.39M,-1.40%
12/11/2024,0.1496,0.1518,0.1518,0.1455,17.03M,-1.12%
12/10/2024,0.1513,0.1553,0.1553,0.1507,10.89M,-1.82%
12/9/2024,0.1541,0.1556,0.1556,0.1534,58.08M,0.33%
12/6/2024,0.1536,0.1563,0.1563,0.1509,26.52M,-0.90%
12/5/2024,0.155,0.1564,0.1566,0.1507,50.04M,-3.31%
12/4/2024,0.1603,0.1604,0.1615,0.1596,4.75M,-0.06%
12/3/2024,0.1604,0.1646,0.1659,0.16,2.05M,-2.61%
12/2/2024,0.1647,0.1591,0.1648,0.157,21.19M,4.04%
11/29/2024,0.1583,0.1595,0.1596,0.1556,3.24M,0.76%
11/28/2024,0.1571,0.1601,0.1601,0.1537,7.75M,0.71%
11/27/2024,0.156,0.1642,0.1642,0.152,10.38M,0.39%
11/26/2024,0.1554,0.1718,0.172,0.1539,200.92M,-8.96%
11/25/2024,0.1707,0.1688,0.1728,0.1687,8.27M,0.12%
11/22/2024,0.1705,0.1703,0.1726,0.1683,20.70M,0.00%
11/21/2024,0.1705,0.1718,0.1738,0.1681,18.25M,0.29%
11/20/2024,0.17,0.1728,0.1747,0.1654,24.40M,-1.22%
11/19/2024,0.1721,0.1745,0.1796,0.1617,38.09M,-1.38%
11/18/2024,0.1745,0.1678,0.1748,0.1652,32.92M,3.87%
11/15/2024,0.168,0.1628,0.1718,0.161,18.22M,3.64%
11/14/2024,0.1621,0.1638,0.1638,0.162,13.32M,-0.92%
11/13/2024,0.1636,0.1618,0.164,0.1604,14.76M,2.00%
11/12/2024,0.1604,0.1613,0.1619,0.1587,4.35M,-0.25%
11/11/2024,0.1608,0.1583,0.1617,0.1583,6.02M,1.58%
11/8/2024,0.1583,0.1603,0.1603,0.1575,5.55M,-0.81%
11/7/2024,0.1596,0.1595,0.1602,0.158,1.19M,0.82%
11/6/2024,0.1583,0.1565,0.1627,0.1564,9.66M,1.47%
11/5/2024,0.156,0.1575,0.1576,0.1553,3.02M,-0.95%
11/2/2024,0.1575,0.1567,0.1578,0.1553,990.00K,0.45%
11/1/2024,0.1568,0.1528,0.1617,0.1525,28.12M,1.75%
10/31/2024,0.1541,0.158,0.158,0.1526,3.00M,-1.97%
10/30/2024,0.1572,0.1547,0.16,0.1535,4.64M,-0.51%
10/29/2024,0.158,0.1519,0.158,0.1504,7.77M,3.95%
10/28/2024,0.152,0.1551,0.1571,0.1504,7.19M,-4.16%
10/25/2024,0.1586,0.159,0.1607,0.1562,3.69M,-0.25%
10/24/2024,0.159,0.1587,0.1629,0.1577,6.68M,0.25%
10/23/2024,0.1586,0.1602,0.1602,0.1571,4.36M,-1.12%
10/22/2024,0.1604,0.166,0.166,0.1575,12.44M,-2.25%
10/21/2024,0.1641,0.1649,0.1677,0.1633,3.84M,-0.49%
10/18/2024,0.1649,0.1697,0.1697,0.1648,3.26M,-1.02%
10/17/2024,0.1666,0.1705,0.1705,0.1662,5.25M,-1.71%
10/16/2024,0.1695,0.1708,0.172,0.1685,9.10M,0.12%
10/15/2024,0.1693,0.165,0.1705,0.1632,16.13M,2.17%
10/14/2024,0.1657,0.164,0.1667,0.1633,5.37M,1.04%
10/11/2024,0.164,0.1673,0.1676,0.1625,3.08M,-0.55%
10/10/2024,0.1649,0.1645,0.168,0.164,6.26M,0.49%
10/9/2024,0.1641,0.1654,0.1721,0.164,12.23M,-0.73%
10/8/2024,0.1653,0.1665,0.1684,0.1644,6.63M,-0.72%
10/7/2024,0.1665,0.1672,0.17,0.1648,7.89M,-0.48%
10/4/2024,0.1673,0.1652,0.1682,0.1631,2.13M,1.27%
10/3/2024,0.1652,0.1648,0.1687,0.1648,5.00M,-1.08%
10/2/2024,0.167,0.1682,0.1705,0.1644,15.54M,-1.53%
10/1/2024,0.1696,0.168,0.17,0.166,8.85M,1.50%
9/30/2024,0.1671,0.1642,0.1719,0.1642,13.41M,1.46%
9/27/2024,0.1647,0.1662,0.1667,0.1633,3.28M,0.30%
9/26/2024,0.1642,0.164,0.1674,0.1616,7.33M,1.30%
9/25/2024,0.1621,0.1697,0.1719,0.1616,15.82M,-4.76%
9/24/2024,0.1702,0.172,0.1743,0.1682,22.30M,1.07%
9/23/2024,0.1684,0.165,0.1713,0.1637,26.51M,3.06%
9/20/2024,0.1634,0.162,0.1667,0.1602,11.57M,0.86%
9/19/2024,0.162,0.1592,0.1682,0.1576,33.17M,2.86%
9/18/2024,0.1575,0.1608,0.162,0.1573,11.26M,-1.07%
9/17/2024,0.1592,0.1607,0.1628,0.1578,11.56M,-0.38%
9/16/2024,0.1598,0.159,0.1609,0.1578,11.29M,0.57%
9/13/2024,0.1589,0.1583,0.16,0.1527,14.90M,1.08%
9/12/2024,0.1572,0.1591,0.1603,0.1572,3.75M,-1.13%
9/11/2024,0.159,0.1609,0.1611,0.1572,5.51M,0.32%
9/10/2024,0.1585,0.1616,0.1624,0.158,8.96M,-1.18%
9/9/2024,0.1604,0.1588,0.1632,0.1565,15.17M,0.88%
9/6/2024,0.159,0.1601,0.1603,0.1565,6.43M,1.60%
9/5/2024,0.1565,0.162,0.1635,0.1565,17.24M,-2.43%
9/4/2024,0.1604,0.1574,0.1607,0.1554,11.17M,3.08%
9/3/2024,0.1556,0.1544,0.16,0.1544,12.34M,0.71%
9/2/2024,0.1545,0.1714,0.1733,0.1502,30.82M,-9.81%
8/30/2024,0.1713,0.1714,0.1743,0.1696,10.97M,-0.87%
8/29/2024,0.1728,0.1707,0.175,0.1705,8.52M,1.05%
8/28/2024,0.171,0.1721,0.1756,0.1707,7.68M,-1.16%
8/27/2024,0.173,0.1759,0.1759,0.172,7.59M,-2.09%
8/26/2024,0.1767,0.1718,0.1789,0.1685,27.90M,5.12%
8/23/2024,0.1681,0.17,0.19,0.1666,175.21M,-0.53%
8/22/2024,0.169,0.1732,0.1742,0.169,15.61M,-3.26%
8/21/2024,0.1747,0.17,0.179,0.17,29.58M,1.98%
8/20/2024,0.1713,0.1709,0.1758,0.1681,8.88M,0.18%
8/19/2024,0.171,0.1746,0.1746,0.17,4.61M,-2.01%
8/16/2024,0.1745,0.172,0.1762,0.1717,10.09M,1.45%
8/15/2024,0.172,0.1727,0.1727,0.1692,3.86M,-0.35%
8/14/2024,0.1726,0.1744,0.1748,0.1716,12.70M,-0.29%
8/13/2024,0.1731,0.1705,0.1731,0.1676,10.11M,1.94%
8/12/2024,0.1698,0.172,0.1734,0.168,10.87M,-0.76%
8/9/2024,0.1711,0.171,0.1722,0.17,3.60M,0.06%
8/8/2024,0.171,0.1718,0.1744,0.17,9.15M,0.29%
8/7/2024,0.1705,0.1741,0.1742,0.1705,12.34M,-1.33%
8/6/2024,0.1728,0.1735,0.178,0.1723,16.08M,-0.40%
8/5/2024,0.1735,0.1735,0.1788,0.1733,9.38M,-2.96%
8/2/2024,0.1788,0.1792,0.1806,0.1766,3.95M,-1.00%
8/1/2024,0.1806,0.1826,0.1833,0.1797,7.46M,0.28%
7/31/2024,0.1801,0.18,0.1847,0.18,10.00M,0.06%
7/30/2024,0.18,0.1802,0.1856,0.1751,15.55M,1.58%
7/29/2024,0.1772,0.1853,0.1853,0.1755,16.19M,-4.42%
7/26/2024,0.1854,0.1872,0.1887,0.1812,17.30M,-0.96%
7/25/2024,0.1872,0.1882,0.1888,0.1851,6.63M,-0.53%
7/24/2024,0.1882,0.1898,0.19,0.1865,9.89M,-0.53%
7/23/2024,0.1892,0.1898,0.194,0.1823,23.68M,-1.77%
7/22/2024,0.1926,0.1881,0.1976,0.1881,17.52M,2.39%
7/19/2024,0.1881,0.1814,0.1938,0.1804,39.07M,4.04%
7/18/2024,0.1808,0.1814,0.1838,0.1783,8.24M,0.00%
7/17/2024,0.1808,0.1793,0.1819,0.1792,4.09M,0.56%
7/16/2024,0.1798,0.1772,0.1819,0.1748,9.46M,0.33%
7/15/2024,0.1792,0.1773,0.1818,0.1772,8.37M,0.11%
7/12/2024,0.179,0.1829,0.1845,0.1752,13.37M,-1.43%
7/11/2024,0.1816,0.1751,0.1848,0.173,22.99M,3.06%
7/10/2024,0.1762,0.1849,0.1849,0.1755,28.86M,-3.50%
7/9/2024,0.1826,0.1921,0.1929,0.1802,31.98M,-4.75%
7/8/2024,0.1917,0.1923,0.2,0.191,21.71M,-0.16%
7/5/2024,0.192,0.1927,0.1952,0.1906,15.35M,-0.36%
7/4/2024,0.1927,0.1939,0.1964,0.1912,19.85M,-1.43%
7/3/2024,0.1955,0.1985,0.1988,0.1935,26.55M,-1.91%
7/2/2024,0.1993,0.2,0.2028,0.1982,20.80M,-0.15%
7/1/2024,0.1996,0.2053,0.2083,0.1988,33.88M,-3.06%
6/28/2024,0.2059,0.205,0.2099,0.2032,14.25M,0.44%
6/27/2024,0.205,0.2172,0.2172,0.2005,48.64M,-4.34%
6/26/2024,0.2143,0.1948,0.217,0.1948,,10.75%
6/24/2024,0.1935,0.1928,0.1938,0.1926,,-14.46%
6/14/2024,0.2262,0.2276,0.2299,0.2252,13.20M,-0.57%
6/13/2024,0.2275,0.2278,0.2282,0.217,42.04M,-2.11%
6/11/2024,0.2324,0.2367,0.2367,0.2283,25.36M,-1.82%
6/10/2024,0.2367,0.2408,0.2488,0.234,52.99M,-1.54%
6/7/2024,0.2404,0.2215,0.2429,0.2181,408.36M,8.63%
6/6/2024,0.2213,0.2265,0.2279,0.2172,60.30M,-2.38%
6/5/2024,0.2267,0.2227,0.2421,0.2201,246.44M,2.07%
6/4/2024,0.2221,0.2341,0.2341,0.204,494.18M,-14.61%
6/3/2024,0.2601,0.2539,0.2657,0.2412,267.77M,0.54%
5/31/2024,0.2587,0.267,0.2677,0.2432,148.15M,-2.01%
5/30/2024,0.264,0.2696,0.2738,0.2597,94.82M,-2.08%
5/29/2024,0.2696,0.2728,0.2771,0.2608,103.30M,0.19%
5/28/2024,0.2691,0.2594,0.2757,0.2519,188.23M,6.79%
5/27/2024,0.252,0.2678,0.2892,0.2506,304.24M,-5.62%
5/24/2024,0.267,0.2708,0.2733,0.2641,64.33M,-0.60%
5/23/2024,0.2686,0.266,0.2709,0.2622,60.93M,1.78%
5/22/2024,0.2639,0.2635,0.2661,0.2585,41.21M,-0.42%
5/21/2024,0.265,0.2628,0.2658,0.2526,96.05M,0.84%
5/20/2024,0.2628,0.267,0.2682,0.2601,77.29M,-0.72%
5/17/2024,0.2647,0.2688,0.273,0.2581,92.86M,-1.53%
5/16/2024,0.2688,0.2741,0.2761,0.265,95.89M,-1.29%
5/15/2024,0.2723,0.2687,0.2834,0.2687,157.86M,1.60%
5/14/2024,0.268,0.2714,0.2728,0.265,118.56M,-1.22%
5/13/2024,0.2713,0.2772,0.2812,0.2677,169.96M,-2.13%
5/10/2024,0.2772,0.2753,0.2854,0.2718,179.16M,0.80%
5/8/2024,0.275,0.281,0.2999,0.2663,687.00M,-2.00%
5/7/2024,0.2806,0.256,0.2806,0.2494,476.05M,9.61%
5/6/2024,0.256,0.242,0.2568,0.242,328.89M,6.00%
5/3/2024,0.2415,0.2408,0.2425,0.2351,79.50M,0.67%
5/2/2024,0.2399,0.2345,0.2454,0.2342,199.78M,2.30%
4/30/2024,0.2345,0.235,0.243,0.229,155.30M,0.00%
4/29/2024,0.2345,0.235,0.2378,0.231,88.60M,-0.21%
4/27/2024,0.235,0.23,0.235,0.2281,95.08M,2.98%
4/26/2024,0.2282,0.238,0.2391,0.2243,403.64M,-4.28%
4/25/2024,0.2384,0.2478,0.248,0.2281,412.04M,-3.79%
4/24/2024,0.2478,0.2064,0.2497,0.205,2.10B,20.88%
4/23/2024,0.205,0.2047,0.2078,0.2011,25.66M,0.89%
4/22/2024,0.2032,0.2013,0.2077,0.1988,47.89M,1.25%
4/19/2024,0.2007,0.1983,0.2045,0.1964,53.37M,1.83%
4/18/2024,0.1971,0.1976,0.1985,0.1966,10.28M,-0.25%
4/17/2024,0.1976,0.2015,0.2024,0.1963,16.26M,-1.15%
4/16/2024,0.1999,0.1992,0.2029,0.1987,12.67M,-0.30%
4/15/2024,0.2005,0.1998,0.2028,0.1977,20.83M,1.11%
4/12/2024,0.1983,0.2016,0.2017,0.1974,13.30M,-0.55%
4/11/2024,0.1994,0.1988,0.2014,0.1973,15.66M,0.76%
4/10/2024,0.1979,0.1995,0.2016,0.1961,20.58M,-0.25%
4/9/2024,0.1984,0.2066,0.2094,0.1975,32.86M,-1.83%
4/8/2024,0.2021,0.1965,0.207,0.1944,66.72M,4.18%
4/5/2024,0.194,0.1996,0.2014,0.1928,19.71M,-2.22%
4/4/2024,0.1984,0.2009,0.2009,0.1962,16.11M,-1.20%
4/3/2024,0.2008,0.202,0.204,0.1942,27.64M,0.45%
4/2/2024,0.1999,0.1912,0.2038,0.1902,44.37M,3.63%
4/1/2024,0.1929,0.1888,0.194,0.1879,31.59M,1.58%
3/29/2024,0.1899,0.1932,0.1966,0.1885,20.78M,-2.26%
3/28/2024,0.1943,0.1924,0.1958,0.1902,4.86M,1.73%
3/27/2024,0.191,0.1977,0.1978,0.191,12.50M,-2.25%
3/26/2024,0.1954,0.1924,0.1986,0.1886,25.27M,3.11%
3/25/2024,0.1895,0.1861,0.1925,0.1854,42.08M,1.77%
3/22/2024,0.1862,0.1902,0.1907,0.18,55.51M,-1.90%
3/21/2024,0.1898,0.1986,0.1988,0.1805,76.20M,-3.36%
3/20/2024,0.1964,0.1953,0.2013,0.1951,19.35M,0.31%
3/19/2024,0.1958,0.197,0.2051,0.1921,43.17M,-0.56%
3/18/2024,0.1969,0.1987,0.2019,0.1909,45.65M,-0.86%
3/15/2024,0.1986,0.2021,0.207,0.1967,49.51M,-0.50%
3/14/2024,0.1996,0.2023,0.2108,0.1949,172.26M,-1.38%
3/13/2024,0.2024,0.2057,0.2077,0.2015,31.15M,-1.60%
3/12/2024,0.2057,0.2106,0.213,0.2022,27.38M,-2.00%
3/11/2024,0.2099,0.2098,0.2138,0.2062,28.09M,0.38%
3/7/2024,0.2091,0.2087,0.2098,0.2061,68.43M,0.05%
3/6/2024,0.209,0.2066,0.2188,0.2065,68.46M,1.41%
3/5/2024,0.2061,0.2076,0.2117,0.2015,44.93M,-0.77%
3/4/2024,0.2077,0.2091,0.2197,0.2027,100.32M,-0.67%
3/1/2024,0.2091,0.2137,0.2139,0.205,31.66M,-2.11%
2/29/2024,0.2136,0.2152,0.2188,0.2085,130.53M,-2.91%
2/28/2024,0.22,0.2048,0.228,0.2048,478.10M,9.07%
2/27/2024,0.2017,0.2064,0.2077,0.1941,89.29M,-1.75%
2/26/2024,0.2053,0.204,0.2184,0.1953,84.09M,0.64%
2/22/2024,0.204,0.2022,0.2177,0.202,76.43M,2.10%
2/21/2024,0.1998,0.2014,0.2024,0.1882,120.28M,-1.14%
2/20/2024,0.2021,0.2112,0.232,0.198,410.58M,-4.26%
2/19/2024,0.2111,0.2222,0.2445,0.21,1.10B,4.50%
2/16/2024,0.202,0.1659,0.202,0.1638,256.71M,21.76%
2/15/2024,0.1659,0.1676,0.1676,0.1627,16.46M,-0.66%
2/14/2024,0.167,0.1651,0.1676,0.1633,9.44M,0.30%
2/13/2024,0.1665,0.1645,0.1671,0.1633,3.21M,1.22%
2/12/2024,0.1645,0.1673,0.1673,0.1644,10.04M,-0.24%
2/9/2024,0.1649,0.1719,0.1746,0.163,37.90M,-4.18%
2/8/2024,0.1721,0.1757,0.1772,0.1703,24.93M,-0.98%
2/7/2024,0.1738,0.1746,0.1757,0.1707,19.09M,-0.40%
2/6/2024,0.1745,0.1673,0.1751,0.1665,25.20M,3.93%
2/5/2024,0.1679,0.1696,0.17,0.167,8.34M,-0.59%
2/2/2024,0.1689,0.1698,0.1703,0.1645,20.86M,-0.53%
2/1/2024,0.1698,0.1702,0.1723,0.1691,15.79M,0.53%
1/31/2024,0.1689,0.1668,0.1707,0.1668,10.78M,0.00%
1/30/2024,0.1689,0.166,0.17,0.1641,19.62M,1.20%
1/29/2024,0.1669,0.1648,0.1675,0.1625,6.60M,1.27%
1/26/2024,0.1648,0.1649,0.1667,0.162,10.95M,0.00%
1/25/2024,0.1648,0.1665,0.168,0.164,11.38M,-0.96%
1/24/2024,0.1664,0.1626,0.1699,0.1626,19.79M,1.77%
1/23/2024,0.1635,0.1631,0.1648,0.1612,6.95M,-0.24%
1/22/2024,0.1639,0.1628,0.1668,0.1625,4.52M,0.80%
1/19/2024,0.1626,0.1634,0.1643,0.1601,5.66M,-1.16%
1/18/2024,0.1645,0.1682,0.1685,0.1636,11.70M,-0.60%
1/17/2024,0.1655,0.1662,0.1687,0.1648,6.87M,-0.12%
1/16/2024,0.1657,0.1662,0.1692,0.1647,8.86M,-0.30%
1/15/2024,0.1662,0.1682,0.1715,0.165,31.37M,-1.07%
1/12/2024,0.168,0.169,0.1697,0.1639,22.62M,-0.59%
1/11/2024,0.169,0.1599,0.1691,0.1571,47.55M,6.69%
1/10/2024,0.1584,0.1606,0.1613,0.1561,21.33M,-1.31%
1/9/2024,0.1605,0.1618,0.1625,0.156,28.92M,-0.80%
1/8/2024,0.1618,0.1524,0.1748,0.1511,106.78M,7.22%
1/5/2024,0.1509,0.1526,0.1527,0.1483,9.06M,-1.05%
1/4/2024,0.1525,0.1515,0.1528,0.1469,4.45M,1.06%
1/3/2024,0.1509,0.1483,0.1513,0.1483,6.69M,1.75%
12/29/2023,0.1483,0.1452,0.1499,0.1452,8.83M,1.51%
12/28/2023,0.1461,0.1463,0.1511,0.1454,13.80M,0.00%
12/27/2023,0.1461,0.1528,0.1528,0.1423,65.57M,-4.01%
12/26/2023,0.1522,0.1602,0.1603,0.15,22.85M,-3.85%
12/25/2023,0.1583,0.1639,0.164,0.1511,21.70M,-2.82%
12/22/2023,0.1629,0.1583,0.1635,0.1583,20.07M,2.97%
12/21/2023,0.1582,0.1593,0.1596,0.1557,6.94M,0.13%
12/20/2023,0.158,0.1595,0.1595,0.1553,21.75M,-0.06%
12/19/2023,0.1581,0.1565,0.1597,0.1532,9.38M,0.70%
12/18/2023,0.157,0.1515,0.16,0.1515,18.13M,3.63%
12/15/2023,0.1515,0.1472,0.1536,0.144,11.98M,2.92%
12/14/2023,0.1472,0.1478,0.151,0.1471,1.80M,0.68%
12/13/2023,0.1462,0.1431,0.1518,0.1428,12.64M,2.96%
12/12/2023,0.142,0.1402,0.1455,0.14,6.55M,-0.56%
12/11/2023,0.1428,0.1535,0.1535,0.1411,14.92M,-6.05%
12/8/2023,0.152,0.1524,0.1533,0.1508,1.62M,-0.13%
12/7/2023,0.1522,0.1519,0.1535,0.1497,5.27M,0.07%
12/6/2023,0.1521,0.1561,0.1563,0.1511,8.74M,-2.56%
12/5/2023,0.1561,0.1564,0.1564,0.1507,15.24M,-0.26%
12/4/2023,0.1565,0.1603,0.1638,0.1558,11.20M,-4.28%
12/1/2023,0.1635,0.1625,0.168,0.1603,10.46M,1.55%
11/30/2023,0.161,0.1641,0.1641,0.1602,7.08M,-1.83%
11/29/2023,0.164,0.1629,0.1661,0.1618,8.03M,1.49%
11/28/2023,0.1616,0.1655,0.1671,0.1609,9.53M,-1.88%
11/27/2023,0.1647,0.1703,0.1704,0.1603,15.07M,-3.23%
11/24/2023,0.1702,0.1744,0.1745,0.1684,13.30M,-2.24%
11/23/2023,0.1741,0.1759,0.1768,0.17,7.00M,-1.25%
11/22/2023,0.1763,0.1715,0.1766,0.1711,11.23M,2.38%
11/21/2023,0.1722,0.1708,0.1755,0.1708,4.50M,0.82%
11/20/2023,0.1708,0.1727,0.1735,0.17,4.75M,-0.12%
11/17/2023,0.171,0.1725,0.1727,0.165,10.91M,-0.93%
11/16/2023,0.1726,0.1729,0.1776,0.1713,8.32M,0.82%
11/15/2023,0.1712,0.1688,0.1758,0.1659,14.20M,3.07%
11/14/2023,0.1661,0.1832,0.19,0.1564,84.65M,-10.51%
11/13/2023,0.1856,0.1867,0.1898,0.1737,45.40M,0.81%
11/10/2023,0.1841,0.1801,0.191,0.1771,49.07M,3.20%
11/9/2023,0.1784,0.1831,0.1845,0.1783,11.58M,-2.46%
11/8/2023,0.1829,0.1852,0.1882,0.1819,15.58M,-1.24%
11/7/2023,0.1852,0.1818,0.194,0.1818,57.24M,2.55%
11/6/2023,0.1806,0.185,0.1893,0.1777,46.25M,-2.38%
11/3/2023,0.185,0.1716,0.1987,0.1716,307.22M,7.81%
11/2/2023,0.1716,0.172,0.1747,0.1716,6.87M,0.23%
11/1/2023,0.1712,0.1728,0.1737,0.1712,1.75M,-0.47%
10/31/2023,0.172,0.1745,0.1746,0.171,8.83M,-1.43%
10/30/2023,0.1745,0.1777,0.1798,0.1733,10.44M,-1.41%
10/27/2023,0.177,0.1801,0.1803,0.175,14.25M,-0.11%
10/26/2023,0.1772,0.1817,0.1826,0.1772,6.55M,-2.37%
10/25/2023,0.1815,0.1828,0.1828,0.1803,3.73M,0.06%
10/24/2023,0.1814,0.1802,0.1825,0.1801,9.95M,0.39%
10/23/2023,0.1807,0.1811,0.1823,0.1803,3.96M,-0.17%
10/20/2023,0.181,0.1818,0.1874,0.18,18.25M,-1.31%
10/19/2023,0.1834,0.1825,0.1834,0.18,6.89M,0.66%
10/18/2023,0.1822,0.1796,0.1836,0.1796,9.67M,0.94%
10/17/2023,0.1805,0.1809,0.1855,0.1761,22.38M,-0.66%
10/16/2023,0.1817,0.1782,0.1819,0.1773,8.51M,1.11%
10/13/2023,0.1797,0.182,0.1826,0.175,32.32M,-1.48%
10/12/2023,0.1824,0.1832,0.1872,0.1806,18.24M,-0.55%
10/11/2023,0.1834,0.1869,0.1878,0.181,11.50M,-1.87%
10/10/2023,0.1869,0.1856,0.1877,0.1835,8.28M,-0.43%
10/9/2023,0.1877,0.1859,0.1878,0.1807,10.02M,0.32%
10/6/2023,0.1871,0.19,0.1928,0.1825,25.30M,-1.37%
10/5/2023,0.1897,0.1917,0.192,0.1892,5.51M,-0.78%
10/4/2023,0.1912,0.191,0.1936,0.1902,9.69M,0.16%
10/3/2023,0.1909,0.1926,0.1958,0.1885,18.21M,-0.99%
10/2/2023,0.1928,0.1958,0.1969,0.1921,11.96M,-2.08%
9/29/2023,0.1969,0.198,0.1981,0.1961,4.47M,-0.10%
9/28/2023,0.1971,0.1996,0.2002,0.1964,4.41M,-0.50%
9/27/2023,0.1981,0.1991,0.1996,0.1962,8.47M,-0.15%
9/26/2023,0.1984,0.1917,0.2028,0.1892,31.21M,3.44%
9/25/2023,0.1918,0.1918,0.1938,0.1884,13.10M,0.00%
9/22/2023,0.1918,0.1914,0.1951,0.187,8.09M,0.00%
9/21/2023,0.1918,0.2001,0.2022,0.1915,6.11M,-3.28%
9/20/2023,0.1983,0.2038,0.2038,0.1805,33.13M,-2.27%
9/19/2023,0.2029,0.2038,0.2038,0.1981,22.63M,-0.20%
9/18/2023,0.2033,0.2025,0.2038,0.1981,23.57M,1.19%
9/15/2023,0.2009,0.1982,0.2026,0.193,16.77M,0.70%
9/14/2023,0.1995,0.2018,0.202,0.1919,58.67M,-0.94%
9/13/2023,0.2014,0.2003,0.2037,0.2,21.17M,0.60%
9/12/2023,0.2002,0.1997,0.2045,0.1981,21.00M,0.15%
9/11/2023,0.1999,0.2044,0.2057,0.1991,26.28M,-1.58%
9/8/2023,0.2031,0.2046,0.2075,0.1971,58.90M,0.69%
9/7/2023,0.2017,0.217,0.2294,0.199,321.51M,1.92%
9/6/2023,0.1979,0.1988,0.202,0.196,21.82M,-0.15%
9/5/2023,0.1982,0.2025,0.2025,0.1957,78.95M,-1.44%
9/4/2023,0.2011,0.2038,0.2046,0.1998,50.15M,-0.89%
9/1/2023,0.2029,0.2014,0.2045,0.1981,40.18M,0.95%
8/31/2023,0.201,0.2004,0.2046,0.1986,39.71M,0.30%
8/30/2023,0.2004,0.2132,0.2295,0.196,493.90M,3.41%
8/29/2023,0.1938,0.1958,0.1958,0.1902,33.10M,-0.05%
8/28/2023,0.1939,0.1948,0.1995,0.1891,46.84M,-0.10%
8/25/2023,0.1941,0.1976,0.1977,0.193,26.71M,-1.72%
8/24/2023,0.1975,0.1946,0.201,0.1845,65.11M,1.18%
8/23/2023,0.1952,0.1976,0.2078,0.1931,53.80M,-0.76%
8/22/2023,0.1967,0.2029,0.209,0.1932,101.96M,-2.96%
8/21/2023,0.2027,0.19,0.2186,0.189,417.87M,13.68%
8/18/2023,0.1783,0.1779,0.1985,0.173,317.74M,2.47%
8/17/2023,0.174,0.169,0.1767,0.1677,33.87M,4.07%
8/16/2023,0.1672,0.1726,0.1742,0.1645,34.15M,-2.79%
8/15/2023,0.172,0.1715,0.1746,0.1661,37.55M,0.35%
8/14/2023,0.1714,0.1783,0.1784,0.1711,51.29M,-1.89%
8/11/2023,0.1747,0.1767,0.185,0.1712,143.22M,0.87%
8/10/2023,0.1732,0.1677,0.1734,0.1659,28.71M,2.91%
8/9/2023,0.1683,0.1712,0.1712,0.1651,22.61M,0.24%
8/8/2023,0.1679,0.168,0.1694,0.1616,25.84M,-0.89%
8/7/2023,0.1694,0.169,0.1729,0.1664,41.26M,1.07%
8/4/2023,0.1676,0.1748,0.1805,0.165,97.86M,-3.51%
8/3/2023,0.1737,0.1752,0.1753,0.1697,43.18M,0.52%
8/2/2023,0.1728,0.1777,0.179,0.1693,93.98M,-1.37%
8/1/2023,0.1752,0.1655,0.179,0.1641,142.41M,6.83%
7/31/2023,0.164,0.1642,0.1676,0.1622,38.30M,0.43%
7/28/2023,0.1633,0.1629,0.1668,0.1589,25.19M,0.55%
7/27/2023,0.1624,0.1645,0.17,0.1601,64.78M,-0.98%
7/26/2023,0.164,0.1686,0.1716,0.1601,76.29M,-1.32%
7/25/2023,0.1662,0.162,0.17,0.1617,99.45M,2.85%
7/24/2023,0.1616,0.1574,0.1655,0.1574,23.68M,2.67%
7/21/2023,0.1574,0.1599,0.1609,0.156,16.51M,-1.01%
7/20/2023,0.159,0.1611,0.1636,0.1559,21.35M,-1.30%
7/19/2023,0.1611,0.1606,0.165,0.1556,57.14M,-0.98%
7/18/2023,0.1627,0.1665,0.168,0.1561,110.93M,-0.91%
7/17/2023,0.1642,0.1572,0.1719,0.1567,132.87M,4.45%
7/14/2023,0.1572,0.1545,0.1584,0.1515,52.35M,2.28%
7/13/2023,0.1537,0.1568,0.157,0.1533,6.93M,-1.09%
7/12/2023,0.1554,0.1545,0.159,0.1519,47.52M,0.78%
7/11/2023,0.1542,0.155,0.155,0.1505,21.33M,1.31%
7/10/2023,0.1522,0.1503,0.1549,0.1503,27.26M,1.33%
7/7/2023,0.1502,0.1519,0.1522,0.1481,16.08M,-0.92%
7/6/2023,0.1516,0.1501,0.152,0.1493,12.22M,0.86%
7/5/2023,0.1503,0.1509,0.1533,0.1491,15.40M,-0.40%
7/4/2023,0.1509,0.151,0.1525,0.15,8.35M,-0.59%
7/3/2023,0.1518,0.1522,0.1527,0.1503,9.92M,-0.46%
6/30/2023,0.1525,0.1521,0.1527,0.1502,6.77M,-0.13%
6/29/2023,0.1527,0.1526,0.1537,0.1501,14.21M,0.53%
6/28/2023,0.1519,0.1529,0.1529,0.1491,15.04M,-0.52%
6/27/2023,0.1527,0.149,0.1537,0.148,20.66M,2.48%
6/26/2023,0.149,0.1541,0.1541,0.1473,40.31M,-3.37%
6/23/2023,0.1542,0.1574,0.1585,0.148,50.95M,-2.47%
6/22/2023,0.1581,0.157,0.175,0.154,204.79M,1.61%
6/21/2023,0.1556,0.1541,0.1556,0.1515,49.60M,0.97%
6/20/2023,0.1541,0.153,0.1542,0.1503,36.15M,0.46%
6/19/2023,0.1534,0.1599,0.16,0.1518,57.87M,-2.54%
6/16/2023,0.1574,0.1578,0.1612,0.154,43.30M,0.25%
6/15/2023,0.157,0.1569,0.1577,0.1539,34.93M,0.06%
6/14/2023,0.1569,0.1643,0.1643,0.1549,70.35M,-3.21%
6/13/2023,0.1621,0.166,0.1745,0.1599,116.75M,-1.52%
6/9/2023,0.1646,0.18,0.18,0.1593,407.64M,-7.53%
6/8/2023,0.178,0.146,0.1939,0.1459,920.63M,22.51%
6/7/2023,0.1453,0.1384,0.1458,0.1384,19.54M,4.38%
6/6/2023,0.1392,0.141,0.1439,0.1359,16.96M,-1.28%
6/5/2023,0.141,0.145,0.1459,0.141,29.98M,0.07%
6/2/2023,0.1409,0.1395,0.1412,0.1284,62.39M,1.00%
6/1/2023,0.1395,0.1478,0.148,0.1352,41.60M,-5.04%
5/31/2023,0.1469,0.1501,0.1501,0.138,41.24M,-2.46%
5/30/2023,0.1506,0.1555,0.1555,0.1499,25.75M,-2.08%
5/29/2023,0.1538,0.1656,0.1656,0.1512,37.60M,-4.47%
5/26/2023,0.161,0.1613,0.171,0.1545,61.49M,-0.19%
5/25/2023,0.1613,0.17,0.1725,0.157,31.30M,-2.24%
5/24/2023,0.165,0.177,0.1895,0.1575,409.20M,-4.95%
5/23/2023,0.1736,0.1443,0.1763,0.1443,311.80M,20.30%
5/22/2023,0.1443,0.1255,0.15,0.1223,190.40M,16.75%
5/19/2023,0.1236,0.1267,0.1314,0.1236,13.25M,-2.98%
5/18/2023,0.1274,0.1209,0.1389,0.1209,84.71M,3.66%
5/17/2023,0.1229,0.1158,0.1264,0.1158,78.30M,6.04%
5/16/2023,0.1159,0.1163,0.12,0.1152,10.52M,-0.26%
5/15/2023,0.1162,0.1166,0.1204,0.1143,16.25M,0.69%
5/12/2023,0.1154,0.1166,0.1166,0.1127,8.13M,0.35%
5/11/2023,0.115,0.1112,0.1223,0.108,46.05M,5.02%
5/10/2023,0.1095,0.1089,0.1114,0.1052,16.01M,1.77%
5/8/2023,0.1076,0.113,0.113,0.1055,28.28M,-3.32%
5/5/2023,0.1113,0.106,0.1264,0.1059,180.29M,5.40%
5/4/2023,0.1056,0.1065,0.1081,0.1048,7.48M,-0.94%
5/3/2023,0.1066,0.1033,0.1139,0.1033,29.64M,1.81%
5/2/2023,0.1047,0.1084,0.1115,0.1029,40.48M,-4.38%
4/28/2023,0.1095,0.1135,0.114,0.1075,43.15M,-3.95%
4/27/2023,0.114,0.1128,0.1194,0.11,106.56M,3.64%
4/26/2023,0.11,0.1034,0.1188,0.1021,241.75M,7.74%
4/25/2023,0.1021,0.102,0.1043,0.1006,15.31M,1.09%
4/24/2023,0.101,0.1038,0.1038,0.1005,7.52M,0.00%
4/21/2023,0.101,0.1002,0.1023,0.1002,4.50M,-0.49%
4/20/2023,0.1015,0.1026,0.1029,0.1,16.84M,-1.07%
4/19/2023,0.1026,0.1035,0.1038,0.0986,18.10M,-1.63%
4/18/2023,0.1043,0.1049,0.105,0.1015,15.47M,-0.67%
4/17/2023,0.105,0.1042,0.105,0.1016,18.51M,1.65%
4/14/2023,0.1033,0.1025,0.1042,0.0931,23.19M,0.68%
4/13/2023,0.1026,0.1004,0.1027,0.1,10.34M,1.99%
4/12/2023,0.1006,0.1004,0.101,0.0997,6.77M,0.80%
4/11/2023,0.0998,0.101,0.1015,0.0998,16.79M,-1.19%
4/10/2023,0.101,0.0999,0.1023,0.0999,5.06M,1.00%
4/7/2023,0.1,0.0996,0.1013,0.098,59.98M,0.40%
4/6/2023,0.0996,0.1002,0.1045,0.0991,34.23M,0.61%
4/5/2023,0.099,0.0993,0.1004,0.0988,18.41M,-1.98%
4/4/2023,0.101,0.1011,0.1042,0.0965,51.00M,1.30%
4/3/2023,0.0997,0.1021,0.105,0.0975,54.54M,-1.97%
3/31/2023,0.1017,0.1005,0.1037,0.1,25.23M,1.19%
3/30/2023,0.1005,0.0994,0.1009,0.0981,21.24M,2.55%
3/29/2023,0.098,0.0977,0.1007,0.0968,25.48M,-0.20%
3/28/2023,0.0982,0.0994,0.0994,0.094,11.20M,-0.71%
3/27/2023,0.0989,0.0933,0.0989,0.0931,57.74M,6.34%
3/24/2023,0.093,0.0952,0.102,0.092,108.67M,-1.80%
3/23/2023,0.0947,0.0924,0.0954,0.0921,20.12M,3.05%
3/22/2023,0.0919,0.0918,0.0927,0.091,22.37M,0.66%
3/21/2023,0.0913,0.0917,0.0923,0.0899,20.93M,0.55%
3/20/2023,0.0908,0.0871,0.0929,0.0869,43.12M,3.65%
3/17/2023,0.0876,0.0882,0.0894,0.0866,16.84M,0.34%
3/16/2023,0.0873,0.0889,0.0889,0.087,15.36M,-1.91%
3/15/2023,0.089,0.0894,0.09,0.089,8.59M,-1.00%
3/14/2023,0.0899,0.088,0.09,0.088,6.99M,2.16%
3/13/2023,0.088,0.0899,0.0909,0.0861,18.86M,-1.57%
3/10/2023,0.0894,0.0851,0.0907,0.0851,59.65M,3.23%
3/9/2023,0.0866,0.0869,0.0885,0.0862,9.40M,-0.46%
3/7/2023,0.087,0.0854,0.0874,0.0851,24.12M,1.52%
3/6/2023,0.0857,0.0832,0.0859,0.0832,10.30M,3.25%
3/3/2023,0.083,0.0825,0.0846,0.0821,20.74M,0.24%
3/2/2023,0.0828,0.084,0.0864,0.0822,31.76M,-1.78%
3/1/2023,0.0843,0.0836,0.0875,0.0831,26.85M,0.96%
2/28/2023,0.0835,0.0843,0.085,0.083,11.97M,-0.95%
2/27/2023,0.0843,0.0852,0.0853,0.0827,25.62M,-1.06%
2/24/2023,0.0852,0.0898,0.0898,0.0839,73.09M,-4.91%
2/22/2023,0.0896,0.0852,0.093,0.0821,60.53M,6.04%
2/21/2023,0.0845,0.0825,0.086,0.0809,15.51M,4.45%
2/20/2023,0.0809,0.0825,0.0825,0.0806,13.83M,-0.98%
2/17/2023,0.0817,0.081,0.083,0.081,26.99M,-0.24%
2/16/2023,0.0819,0.0816,0.0861,0.081,33.48M,0.86%
2/15/2023,0.0812,0.0835,0.088,0.081,48.03M,-2.87%
2/14/2023,0.0836,0.0893,0.0893,0.082,51.90M,-4.13%
2/13/2023,0.0872,0.088,0.0907,0.0852,77.69M,-5.22%
2/10/2023,0.092,0.0878,0.1028,0.0864,504.24M,4.66%
2/9/2023,0.0879,0.0877,0.0925,0.0844,94.15M,2.21%
2/8/2023,0.086,0.0847,0.087,0.0845,28.61M,2.63%
2/7/2023,0.0838,0.0846,0.0855,0.0825,19.91M,0.60%
2/6/2023,0.0833,0.0819,0.0875,0.0801,57.74M,2.59%
2/3/2023,0.0812,0.0807,0.0825,0.0796,12.31M,-0.49%
2/2/2023,0.0816,0.0806,0.082,0.0799,20.94M,0.74%
2/1/2023,0.081,0.0817,0.0825,0.0798,58.24M,-1.34%
1/31/2023,0.0821,0.0818,0.083,0.0811,28.94M,1.48%
1/30/2023,0.0809,0.0791,0.0818,0.0791,30.09M,1.25%
1/27/2023,0.0799,0.0791,0.0805,0.079,4.86M,0.50%
1/26/2023,0.0795,0.0791,0.0798,0.079,5.61M,1.02%
1/25/2023,0.0787,0.077,0.0799,0.0755,21.86M,1.03%
1/24/2023,0.0779,0.0796,0.08,0.0778,18.19M,-0.89%
1/23/2023,0.0786,0.0772,0.081,0.0772,9.11M,0.64%
1/20/2023,0.0781,0.0767,0.079,0.0766,6.09M,0.64%
1/19/2023,0.0776,0.081,0.0822,0.0763,38.28M,-3.24%
1/18/2023,0.0802,0.079,0.0824,0.0782,48.47M,0.88%
1/17/2023,0.0795,0.0779,0.0825,0.0771,101.00M,3.11%
1/16/2023,0.0771,0.0776,0.0795,0.0754,34.07M,1.05%
1/13/2023,0.0763,0.0756,0.0816,0.0745,77.94M,0.93%
1/12/2023,0.0756,0.0759,0.0778,0.0733,17.74M,0.27%
1/11/2023,0.0754,0.0743,0.0772,0.0725,34.68M,2.17%
1/10/2023,0.0738,0.0774,0.0774,0.071,65.57M,-4.90%
1/9/2023,0.0776,0.074,0.0799,0.0737,71.82M,2.78%
1/6/2023,0.0755,0.0725,0.0821,0.0725,121.11M,1.48%
1/5/2023,0.0744,0.0687,0.0792,0.0685,323.21M,7.20%
1/4/2023,0.0694,0.0685,0.07,0.0685,6.31M,0.14%
1/3/2023,0.0693,0.0686,0.0695,0.0685,2.78M,1.02%
12/30/2022,0.0686,0.0683,0.069,0.0681,2.60M,0.15%
12/29/2022,0.0685,0.0689,0.0694,0.0685,7.77M,-0.44%
12/28/2022,0.0688,0.069,0.0697,0.0685,5.58M,-0.43%
12/27/2022,0.0691,0.0689,0.0691,0.0685,6.49M,0.14%
12/26/2022,0.069,0.0691,0.0695,0.065,17.56M,-0.14%
12/23/2022,0.0691,0.0695,0.0695,0.0677,2.11M,0.44%
12/22/2022,0.0688,0.0682,0.0695,0.0681,6.36M,0.44%
12/21/2022,0.0685,0.0684,0.0689,0.068,5.86M,-0.29%
12/20/2022,0.0687,0.0683,0.0693,0.068,2.38M,0.73%
12/19/2022,0.0682,0.0692,0.0692,0.0682,1.27M,-1.16%
12/16/2022,0.069,0.0691,0.0695,0.0675,5.70M,1.02%
12/15/2022,0.0683,0.0689,0.069,0.068,8.09M,-1.44%
12/14/2022,0.0693,0.0702,0.0707,0.0686,3.81M,-0.57%
12/13/2022,0.0697,0.0697,0.0724,0.0696,18.94M,-0.14%
12/12/2022,0.0698,0.0691,0.0699,0.0685,7.27M,0.72%
12/9/2022,0.0693,0.0686,0.07,0.0683,3.97M,0.58%
12/8/2022,0.0689,0.0698,0.0698,0.0683,2.25M,-0.72%
12/7/2022,0.0694,0.0699,0.0699,0.0636,14.03M,0.73%
12/6/2022,0.0689,0.0699,0.0703,0.0683,3.05M,-0.43%
12/5/2022,0.0692,0.0692,0.0708,0.0681,5.73M,-0.43%
12/2/2022,0.0695,0.0689,0.07,0.0672,4.60M,-0.14%
12/1/2022,0.0696,0.0691,0.07,0.0682,3.00M,0.87%
11/30/2022,0.069,0.0699,0.0703,0.066,11.66M,0.00%
11/29/2022,0.069,0.0749,0.0749,0.069,10.81M,-0.72%
11/28/2022,0.0695,0.0696,0.0754,0.0689,43.71M,0.72%
11/25/2022,0.069,0.0695,0.0701,0.0688,3.88M,-0.58%
11/24/2022,0.0694,0.0702,0.071,0.0694,1.34M,-0.57%
11/23/2022,0.0698,0.0696,0.07,0.069,2.82M,0.43%
11/22/2022,0.0695,0.0689,0.071,0.0682,4.68M,1.16%
11/21/2022,0.0687,0.0702,0.0704,0.0681,3.96M,-1.72%
11/18/2022,0.0699,0.0719,0.0721,0.068,8.96M,-2.10%
11/17/2022,0.0714,0.0709,0.0718,0.0694,5.69M,2.15%
11/16/2022,0.0699,0.0715,0.0715,0.069,3.88M,-1.41%
11/15/2022,0.0709,0.073,0.074,0.0681,8.48M,-3.01%
11/14/2022,0.0731,0.0718,0.0744,0.0692,16.34M,2.96%
11/11/2022,0.071,0.07,0.073,0.0673,42.67M,3.20%
11/10/2022,0.0688,0.0674,0.0721,0.066,45.02M,4.24%
11/9/2022,0.066,0.0677,0.0677,0.0655,4.55M,-1.35%
11/8/2022,0.0669,0.0671,0.068,0.0665,7.23M,-0.30%
11/7/2022,0.0671,0.0669,0.068,0.0652,13.37M,0.30%
11/3/2022,0.0669,0.0686,0.0692,0.0666,15.87M,-2.76%
11/2/2022,0.0688,0.0688,0.0703,0.0687,3.47M,-2.13%
11/1/2022,0.0703,0.0699,0.0712,0.069,14.67M,0.43%
10/31/2022,0.07,0.0693,0.073,0.069,16.50M,2.19%
10/28/2022,0.0685,0.0687,0.0763,0.0665,61.87M,-0.29%
10/27/2022,0.0687,0.0677,0.0687,0.0658,7.16M,1.48%
10/26/2022,0.0677,0.0673,0.069,0.0671,6.01M,0.45%
10/25/2022,0.0674,0.0668,0.0694,0.0659,20.04M,0.60%
10/24/2022,0.067,0.0677,0.0678,0.066,1.84M,1.21%
10/21/2022,0.0662,0.0665,0.0683,0.0651,2.81M,-0.75%
10/20/2022,0.0667,0.0643,0.0714,0.064,8.76M,3.41%
10/19/2022,0.0645,0.0665,0.0665,0.064,2.08M,-3.30%
10/18/2022,0.0667,0.068,0.0689,0.0667,2.55M,-1.77%
10/17/2022,0.0679,0.0663,0.0695,0.0657,8.45M,3.03%
10/14/2022,0.0659,0.0656,0.0679,0.0656,5.82M,1.38%
10/13/2022,0.065,0.0624,0.0656,0.0624,2.76M,4.17%
10/12/2022,0.0624,0.0626,0.064,0.0622,1.84M,0.32%
10/11/2022,0.0622,0.0612,0.0631,0.0608,7.68M,2.47%
10/10/2022,0.0607,0.0609,0.0615,0.0568,7.11M,-0.82%
10/7/2022,0.0612,0.0617,0.0624,0.0576,13.54M,-1.13%
10/6/2022,0.0619,0.0606,0.0639,0.0591,2.86M,0.98%
10/5/2022,0.0613,0.0628,0.0636,0.0598,3.08M,-0.65%
10/4/2022,0.0617,0.063,0.063,0.0602,5.19M,0.33%
10/3/2022,0.0615,0.0598,0.0655,0.059,7.28M,3.54%
9/30/2022,0.0594,0.0576,0.0617,0.0571,5.19M,2.24%
9/29/2022,0.0581,0.0609,0.0609,0.0567,6.73M,-3.97%
9/28/2022,0.0605,0.0595,0.061,0.0594,2.18M,1.51%
9/27/2022,0.0596,0.0606,0.0623,0.0578,5.01M,0.17%
9/26/2022,0.0595,0.0623,0.0632,0.052,19.75M,-7.03%
9/23/2022,0.064,0.068,0.0684,0.0623,10.00M,-6.43%
9/22/2022,0.0684,0.0663,0.0729,0.0663,10.42M,3.48%
9/21/2022,0.0661,0.064,0.0684,0.0606,22.82M,-5.57%
9/20/2022,0.07,0.0754,0.0771,0.069,58.20M,-8.38%
9/19/2022,0.0764,0.0763,0.0775,0.0754,1.68M,0.00%
9/16/2022,0.0764,0.077,0.0773,0.0749,8.63M,-0.78%
9/15/2022,0.077,0.0763,0.0778,0.0754,9.86M,0.92%
9/14/2022,0.0763,0.0772,0.0784,0.074,18.57M,-1.17%
9/13/2022,0.0772,0.0771,0.0787,0.0746,10.40M,-0.90%
9/12/2022,0.0779,0.0767,0.0802,0.076,14.20M,2.50%
9/9/2022,0.076,0.0764,0.082,0.0751,35.17M,0.93%
9/8/2022,0.0753,0.0785,0.0785,0.0751,16.69M,-4.44%
9/7/2022,0.0788,0.0801,0.0801,0.0758,13.83M,-1.50%
9/6/2022,0.08,0.0796,0.0808,0.0752,20.57M,1.14%
9/5/2022,0.0791,0.0805,0.081,0.0751,17.75M,-1.13%
9/2/2022,0.08,0.0807,0.0817,0.0796,14.41M,-1.23%
9/1/2022,0.081,0.0821,0.0828,0.08,11.93M,-0.25%
8/31/2022,0.0812,0.0813,0.0844,0.0799,42.39M,-0.12%
8/30/2022,0.0813,0.0797,0.0829,0.0764,72.72M,3.04%
8/29/2022,0.0789,0.0786,0.0801,0.0768,21.46M,0.77%
8/26/2022,0.0783,0.083,0.083,0.0775,16.08M,2.49%
8/25/2022,0.0764,0.0777,0.0791,0.0763,11.21M,-1.16%
8/24/2022,0.0773,0.0753,0.0797,0.0753,12.80M,1.31%
8/23/2022,0.0763,0.0774,0.078,0.0751,15.89M,-1.93%
8/22/2022,0.0778,0.0781,0.0784,0.077,9.78M,-2.02%
8/19/2022,0.0794,0.0779,0.0808,0.075,35.20M,2.06%
8/18/2022,0.0778,0.0821,0.0821,0.0745,71.48M,-5.12%
8/17/2022,0.082,0.079,0.0833,0.0757,83.70M,3.14%
8/16/2022,0.0795,0.0717,0.0866,0.071,268.01M,10.42%
8/15/2022,0.072,0.0721,0.0724,0.0701,7.24M,-0.28%
8/12/2022,0.0722,0.0719,0.0736,0.07,15.46M,-0.82%
8/11/2022,0.0728,0.0719,0.0733,0.07,19.90M,1.25%
8/10/2022,0.0719,0.0731,0.0739,0.0702,19.38M,-1.64%
8/9/2022,0.0731,0.075,0.0776,0.072,37.92M,-3.43%
8/8/2022,0.0757,0.0728,0.0766,0.072,38.47M,3.98%
8/5/2022,0.0728,0.0721,0.075,0.0711,29.94M,0.97%
8/4/2022,0.0721,0.0736,0.0766,0.0701,72.17M,-1.77%
8/3/2022,0.0734,0.0685,0.0766,0.0665,119.14M,8.26%
8/2/2022,0.0678,0.0607,0.072,0.0602,87.86M,11.33%
8/1/2022,0.0609,0.0619,0.0621,0.0603,15.92M,-2.09%
7/29/2022,0.0622,0.0623,0.0626,0.0599,7.75M,0.16%
7/28/2022,0.0621,0.0633,0.0639,0.0612,3.88M,-0.32%
7/27/2022,0.0623,0.0636,0.0637,0.0617,3.29M,-1.74%
7/26/2022,0.0634,0.0615,0.0656,0.0615,7.70M,3.43%
7/25/2022,0.0613,0.0613,0.0617,0.0599,3.03M,0.16%
7/22/2022,0.0612,0.0599,0.0617,0.0598,750.00K,0.82%
7/21/2022,0.0607,0.0616,0.0616,0.0589,5.66M,-2.25%
7/20/2022,0.0621,0.0623,0.0626,0.061,520.00K,0.81%
7/19/2022,0.0616,0.0617,0.062,0.0602,890.00K,-0.81%
7/18/2022,0.0621,0.0628,0.0629,0.06,5.06M,-0.32%
7/15/2022,0.0623,0.0608,0.0632,0.0585,8.47M,2.47%
7/14/2022,0.0608,0.0608,0.0622,0.058,7.10M,0.00%
7/13/2022,0.0608,0.065,0.065,0.0582,8.67M,-3.03%
7/12/2022,0.0627,0.064,0.064,0.0617,8.53M,-0.48%
7/11/2022,0.063,0.0658,0.0658,0.062,4.40M,-3.67%
7/8/2022,0.0654,0.0652,0.0664,0.0644,3.79M,0.77%
7/7/2022,0.0649,0.0655,0.0672,0.0645,5.16M,-0.92%
7/6/2022,0.0655,0.0633,0.0663,0.0633,9.81M,1.71%
7/5/2022,0.0644,0.0643,0.0645,0.061,4.21M,0.00%
7/4/2022,0.0644,0.0641,0.0644,0.0627,1.76M,-0.16%
7/1/2022,0.0645,0.0612,0.0647,0.0608,8.23M,1.90%
6/30/2022,0.0633,0.0626,0.0647,0.0611,6.75M,-1.56%
6/29/2022,0.0643,0.0628,0.065,0.0624,11.60M,1.58%
6/28/2022,0.0633,0.0633,0.0651,0.0617,8.43M,-0.31%
6/27/2022,0.0635,0.0625,0.0643,0.0625,4.60M,1.76%
6/24/2022,0.0624,0.0625,0.0642,0.0623,7.65M,0.32%
6/23/2022,0.0622,0.0612,0.0627,0.0606,2.97M,0.48%
6/22/2022,0.0619,0.0621,0.0624,0.0603,4.90M,-0.48%
6/21/2022,0.0622,0.0636,0.0636,0.0607,17.79M,-2.81%
6/20/2022,0.064,0.0635,0.064,0.0608,6.65M,2.56%
6/17/2022,0.0624,0.0627,0.0633,0.0608,14.24M,1.46%
6/16/2022,0.0615,0.0619,0.0624,0.06,7.19M,0.49%
6/15/2022,0.0612,0.0604,0.069,0.0604,50.43M,4.08%
6/14/2022,0.0588,0.0614,0.0614,0.0582,5.04M,-1.18%
6/10/2022,0.0595,0.0609,0.0615,0.0585,5.13M,-2.30%
6/9/2022,0.0609,0.0602,0.061,0.0585,4.41M,1.16%
6/8/2022,0.0602,0.0589,0.061,0.0581,5.19M,1.69%
6/7/2022,0.0592,0.0594,0.06,0.056,39.57M,-0.84%
6/6/2022,0.0597,0.0614,0.0614,0.0596,3.07M,-1.00%
6/3/2022,0.0603,0.0628,0.0628,0.0598,8.59M,-3.98%
6/2/2022,0.0628,0.0656,0.0656,0.06,28.36M,-4.27%
6/1/2022,0.0656,0.0644,0.0664,0.0636,5.81M,1.23%
5/31/2022,0.0648,0.0653,0.0653,0.0633,2.00M,-0.31%
5/30/2022,0.065,0.0666,0.0666,0.0646,3.96M,0.00%
5/27/2022,0.065,0.0658,0.066,0.063,9.13M,-1.22%
5/26/2022,0.0658,0.0675,0.0675,0.0637,9.07M,-1.05%
5/25/2022,0.0665,0.0665,0.0666,0.065,4.24M,1.53%
5/24/2022,0.0655,0.0678,0.068,0.0651,22.92M,-5.21%
5/23/2022,0.0691,0.0697,0.0698,0.067,3.47M,-0.86%
5/20/2022,0.0697,0.0688,0.0704,0.0677,5.29M,-0.29%
5/19/2022,0.0699,0.0717,0.0717,0.0669,4.99M,-1.55%
5/18/2022,0.071,0.0713,0.072,0.07,2.82M,0.14%
5/17/2022,0.0709,0.0705,0.0719,0.07,4.06M,1.58%
5/16/2022,0.0698,0.0682,0.0699,0.0666,4.76M,1.90%
5/13/2022,0.0685,0.0709,0.071,0.0685,6.65M,-2.56%
5/12/2022,0.0703,0.071,0.0715,0.0682,7.70M,-2.09%
5/11/2022,0.0718,0.0705,0.0727,0.07,4.89M,1.13%
5/6/2022,0.071,0.0727,0.0746,0.0701,4.61M,-0.42%
5/5/2022,0.0713,0.0719,0.0719,0.0707,860.00K,0.56%
5/4/2022,0.0709,0.0724,0.073,0.07,11.00M,-1.66%
4/29/2022,0.0721,0.072,0.0728,0.0705,8.83M,-0.55%
4/28/2022,0.0725,0.0745,0.0754,0.0706,17.96M,-1.09%
4/27/2022,0.0733,0.0719,0.075,0.0675,12.90M,1.95%
4/26/2022,0.0719,0.0713,0.0738,0.0703,11.76M,0.84%
4/25/2022,0.0713,0.0756,0.0756,0.0704,18.03M,-5.44%
4/22/2022,0.0754,0.0761,0.0787,0.071,15.12M,1.07%
4/21/2022,0.0746,0.078,0.0781,0.0745,3.14M,-1.19%
4/20/2022,0.0755,0.075,0.0793,0.0728,25.86M,0.67%
4/19/2022,0.075,0.0753,0.0754,0.0714,16.63M,-2.47%
4/18/2022,0.0769,0.0774,0.0808,0.0749,16.73M,0.13%
4/15/2022,0.0768,0.0773,0.0786,0.075,16.32M,-0.39%
4/14/2022,0.0771,0.0831,0.0853,0.0771,20.79M,-7.00%
4/13/2022,0.0829,0.0876,0.09,0.0791,40.96M,-2.70%
4/12/2022,0.0852,0.0868,0.0989,0.0745,185.05M,6.50%
4/11/2022,0.08,0.0757,0.081,0.0734,39.11M,5.68%
4/8/2022,0.0757,0.0848,0.0848,0.073,39.71M,-8.90%
4/7/2022,0.0831,0.0926,0.0975,0.0753,177.93M,-9.48%
4/6/2022,0.0918,0.0656,0.0918,0.0625,71.42M,39.73%
4/5/2022,0.0657,0.067,0.0717,0.0625,27.99M,-7.07%
4/4/2022,0.0707,0.0696,0.076,0.067,30.97M,2.02%
4/1/2022,0.0693,0.0675,0.073,0.0663,12.47M,4.21%
3/31/2022,0.0665,0.0592,0.0694,0.0567,25.27M,12.71%
3/30/2022,0.059,0.0554,0.0625,0.0531,12.51M,9.26%
3/29/2022,0.054,0.0514,0.058,0.05,23.68M,5.06%
3/28/2022,0.0514,0.06,0.06,0.0456,6.74M,-17.10%
2/25/2022,0.062,0.0608,0.0686,0.051,14.79M,26.53%
2/24/2022,0.049,0.0701,0.0701,0.0479,54.62M,-34.67%
2/22/2022,0.075,0.0719,0.076,0.06,41.97M,6.99%
2/21/2022,0.0701,0.0813,0.0853,0.07,102.49M,-12.70%
2/18/2022,0.0803,0.0855,0.0873,0.08,81.05M,-4.06%
2/17/2022,0.0837,0.0853,0.0856,0.0812,12.14M,-2.67%
2/16/2022,0.086,0.0845,0.0879,0.0841,14.88M,2.63%
2/15/2022,0.0838,0.0849,0.0883,0.082,52.63M,0.72%
2/14/2022,0.0832,0.0859,0.0889,0.0805,43.45M,-3.14%
2/11/2022,0.0859,0.089,0.0898,0.0859,16.55M,-3.05%
2/10/2022,0.0886,0.0914,0.0915,0.0882,17.25M,-2.32%
2/9/2022,0.0907,0.0907,0.0914,0.0875,20.63M,1.57%
2/8/2022,0.0893,0.0914,0.0927,0.088,35.35M,-1.65%
2/7/2022,0.0908,0.0958,0.099,0.0895,79.18M,-4.92%
2/4/2022,0.0955,0.0992,0.102,0.0947,62.03M,-3.44%
2/3/2022,0.0989,0.0962,0.1031,0.0946,34.54M,1.54%
2/2/2022,0.0974,0.1017,0.1045,0.0958,57.54M,-3.75%
2/1/2022,0.1012,0.0985,0.1045,0.0977,97.84M,5.53%
1/31/2022,0.0959,0.0929,0.0977,0.0905,79.40M,4.69%
1/28/2022,0.0916,0.09,0.0933,0.0874,12.68M,3.50%
1/27/2022,0.0885,0.0849,0.0948,0.083,16.04M,4.86%
1/26/2022,0.0844,0.0837,0.0848,0.0823,4.15M,1.20%
1/25/2022,0.0834,0.0847,0.0847,0.0825,3.92M,-0.12%
1/24/2022,0.0835,0.0881,0.0886,0.0822,9.53M,-5.97%
1/21/2022,0.0888,0.087,0.0929,0.0867,7.17M,2.07%
1/20/2022,0.087,0.0889,0.0914,0.0854,8.31M,-1.25%
1/19/2022,0.0881,0.0849,0.0888,0.0843,8.95M,0.57%
1/18/2022,0.0876,0.0968,0.0968,0.084,34.98M,-6.61%
1/17/2022,0.0938,0.094,0.0997,0.092,8.34M,-1.05%
1/14/2022,0.0948,0.0999,0.1,0.092,13.76M,-2.97%
1/13/2022,0.0977,0.0981,0.0998,0.0974,4.86M,-0.20%
1/12/2022,0.0979,0.0981,0.0987,0.0973,2.62M,0.82%
1/11/2022,0.0971,0.098,0.0982,0.0965,1.81M,-0.82%
1/10/2022,0.0979,0.0999,0.1016,0.096,7.35M,-0.10%
1/6/2022,0.098,0.0983,0.0987,0.097,2.19M,-0.81%
1/5/2022,0.0988,0.1,0.1,0.0984,4.42M,-1.20%
1/4/2022,0.1,0.099,0.1046,0.0972,11.65M,2.35%
1/3/2022,0.0977,0.0966,0.0999,0.0966,4.97M,1.03%
